u,v
76,638
464,773
458,789
453,806
448,809
445,812
443,814
441,817
440,818
439,820
439,821
437,822
434,823
430,826
424,827
418,828
396,830
382,831
370,832
360,832
350,832
341,831
332,830
323,828
317,828
311,827
306,827
302,826
299,826
295,826
292,826
289,825
286,825
283,824
278,824
274,824
270,827
265,830
258,832
249,834
242,834
236,835
230,835
223,835
217,835
213,834
208,834
205,834
204,831
202,830
200,826
200,822
224,815
232,807
235,796
237,784
240,749
244,724
248,699
251,679
251,658
252,638
251,624
252,611
253,601
254,597
257,596
259,596
261,598
264,601
264,604
265,609
267,612
269,616
272,619
275,622
278,625
281,627
284,630
287,633
290,636
291,637
293,639
295,642
297,643
299,645
299,647
300,649
302,652
302,655
303,659
303,662
303,666
301,668
301,673
298,677
296,682
293,686
288,691
283,695
274,699
269,703
261,706
252,710
244,713
234,715
225,715
216,716
204,715
195,714
187,710
177,707
167,702
157,697
149,690
141,682
133,675
125,667
119,658
113,648
107,640
103,631
98,622
94,614
91,606
86,598
84,590
82,581
81,574
82,567
83,557
85,551
86,543
89,535
92,528
94,523
99,516
104,511
110,506
116,502
124,499
133,498
143,497
153,497
164,499
176,503
189,508
202,513
215,520
228,529
241,538
255,548
268,558
281,569
295,581
308,594
321,606
333,619
344,632
355,645
364,658
372,670
381,681
387,692
390,701
394,711
394,720
392,730
389,738
385,746
375,752
369,758
359,761
349,762
338,761
327,760
314,756
302,751
288,744
274,736
261,728
249,718
238,708
228,697
218,688
211,679
203,670
198,665
191,660
187,657
185,657
182,655
181,657
181,659
181,662
183,664
184,666
185,668
186,670
187,671
187,671
188,671
189,671
190,670
190,668
189,668
189,667
189,668
189,668
188,667
187,667
187,667
187,666
187,666
186,667
186,666
185,666
185,665
186,664
186,664
187,665
187,663
187,662
188,662
188,661
189,659
189,659
190,657
191,656
192,654
194,652
196,649
199,646
204,641
208,636
214,628
224,616
233,600
247,579
263,556
283,531
304,507
328,483
352,459
378,438
404,415
435,393
449,364
462,332
62,279
162,379
287,782
234,646
239,649
239,654
239,558
239,599
239,625
239,628
239,629
239,632
226,642
